,customer id,probability of churn,prediction of churn
0,,0.13297073385116884,0.0
1,,0.02906946200025809,0.0
2,,0.5400551382055551,1.0
3,,0.48460979666892184,0.0
4,,0.7424497834137013,1.0
5,0013-MHZWF,0.5389098843165931,1.0
6,0013-SMEOE,0.14170690005557154,0.0
7,,0.181175517162641,0.0
8,,0.3460040919015121,0.0
9,,0.489047542895701,0.0
10,,0.005543734118632904,0.0
11,0017-IUDMW,0.44280936608510174,0.0
12,,0.519478208460482,1.0
13,,0.4114394690928128,0.0
14,,0.2831018672942541,0.0
15,,0.25918539739021135,0.0
16,,0.10300796313569283,0.0
17,0021-IKXGC,0.6359520441271134,1.0
18,,0.5564724092188967,1.0
19,,0.14023748526434412,0.0
20,,0.10971439242227714,0.0
21,,0.006315682074242215,0.0
22,0027-KWYKW,0.00042468286008241193,0.0
23,0030-FNXPP,0.23382029153145464,0.0
24,,0.7963493677367662,1.0
25,,0.13678393112997522,0.0
26,,0.004146001013810072,0.0
27,,0.3987142964391546,0.0
28,,0.009908553646140952,0.0
29,,0.7323313808664483,1.0
30,0048-LUMLS,0.6616252650836152,1.0
31,0048-PIHNL,0.16550713871180606,0.0
32,,0.2727916367057366,0.0
33,,0.3097368975882783,0.0
34,,0.007868459726445565,0.0
35,0057-QBUQH,0.5013199594690222,1.0
36,,0.572865140201856,1.0
37,,0.42796997009898535,0.0
38,,0.21488176892185848,0.0
39,,0.08688368008707602,0.0
40,0067-DKWBL,0.0,0.0
41,0068-FIGTF,0.21091580424122355,0.0
42,,0.005307942418987578,0.0
43,0074-HDKDG,0.022625806596027184,0.0
44,,0.028329925250643782,0.0
45,,0.2033738870987087,0.0
46,,0.03737233435588148,0.0
47,,0.037478772082749814,0.0
48,0082-LDZUE,0.33813451405357214,0.0
49,,0.7210401469764868,1.0
50,,0.013565158371040725,0.0
51,,0.11584528919631407,0.0
52,,0.0023917198704859035,0.0
53,,0.1270435952391301,0.0
54,,0.06729035906184001,0.0
55,,0.1631082296425131,0.0
56,,0.1988572964942538,0.0
57,,0.12769771255856477,0.0
58,,0.1915841507919066,0.0
59,,0.509465564961144,1.0
60,,0.646945179219071,1.0
61,,0.11310171487042231,0.0
62,0106-UGRDO,0.3642273437302247,0.0
63,,0.626298785999761,1.0
64,,0.030035670120353786,0.0
65,,0.48770600154689203,0.0
66,,0.003917565485362096,0.0
67,0112-QWPNC,0.0012338320902842736,0.0
68,,0.0708275292794088,0.0
69,,0.47509975828289636,0.0
70,,0.5693464153236097,1.0
71,,0.532728261604435,1.0
72,0117-LFRMW,0.017310861496976724,0.0
73,0118-JPNOY,0.588625718879352,1.0
74,,0.38677968453612444,0.0
75,,0.026849924483559957,0.0
76,,0.05382866726387231,0.0
77,,0.6164392202275015,1.0
78,0128-MKWSG,0.6500777079883935,1.0
79,,0.48576102233548896,0.0
80,,0.44228743209927834,0.0
81,,0.015180185225236701,0.0
82,,0.2827574329069795,0.0
83,,0.2991945592302334,0.0
84,0135-NMXAP,0.0013636363636363635,0.0
85,,0.849888883040031,1.0
86,,0.01810934339747574,0.0
87,,0.5849536890862048,1.0
88,,0.22176828150560834,0.0
89,,0.040602641347553294,0.0
90,,0.4293656755243571,0.0
91,,0.8743163653282551,1.0
92,,0.8404116800999705,1.0
93,,0.5605604176133558,1.0
94,,0.4553808311956729,0.0
95,0164-APGRB,0.6139107421685669,1.0
96,0164-XAIRP,0.11015401092725935,0.0
97,,0.10201965152248851,0.0
98,,0.2746347353269746,0.0
99,,0.09221456722978467,0.0
100,,0.048261495576735244,0.0
101,,0.028737773800097205,0.0
102,,0.2604203799309468,0.0
103,0186-CAERR,0.024394865974487177,0.0
104,,0.07162622504754715,0.0
105,,0.06374825534885564,0.0
106,,0.06607957233390174,0.0
107,0191-EQUUH,0.005584542126693289,0.0
108,0191-ZHSKZ,0.2738755939482235,0.0
109,0193-ESZXP,0.5080473845980871,1.0
110,,0.24867057818755461,0.0
111,,0.6687509262503191,1.0
112,,0.012798095209491895,0.0
113,,0.8349777354250694,1.0
114,,0.117715613122157,0.0
115,,0.4072611857530919,0.0
116,,0.027918308212058218,0.0
117,,0.009533010325161488,0.0
118,0206-TBWLC,0.263161841848031,0.0
119,0207-MDKNV,0.02250882366279624,0.0
120,0208-BPQEJ,0.13392153306052376,0.0
121,0212-ISBBF,0.001283173076923077,0.0
122,,0.1385809875206649,0.0
123,,0.2135448885650033,0.0
124,0218-QNVAS,0.24098934262296623,0.0
125,,0.02157335761760332,0.0
126,0219-YTZUE,0.7242506098282446,1.0
127,,0.47890469924873114,0.0
128,,0.03178739755685171,0.0
129,0221-WMXNQ,0.2224377435816075,0.0
130,,0.7489209311882253,1.0
131,0224-HJAPT,0.08650921720491206,0.0
132,,0.36019276079334966,0.0
133,0224-RLWWD,0.4339792845196881,0.0
134,,0.5271114405568561,1.0
135,,0.4373485534312341,0.0
136,,0.6394128295575956,1.0
137,,0.5463689557044402,1.0
138,,0.20195217227476156,0.0
139,,0.08138544536792348,0.0
140,,0.15837981928933897,0.0
141,,0.6472243881057961,1.0
142,,0.7164819565671415,1.0
143,0236-HFWSV,0.3253794545709375,0.0
144,,0.6625155557459976,1.0
145,,0.04110904719380963,0.0
146,0239-OXEXL,0.014839400314722181,0.0
147,,0.7148998444849363,1.0
148,0247-SLUJI,0.48017915561705715,0.0
149,,0.14183514315127482,0.0
150,0248-PGHBZ,9.708737864077669e-05,0.0
151,,0.346347129562925,0.0
152,,0.49846042734861684,0.0
153,,0.09533558772958266,0.0
154,,0.14002901047732183,0.0
155,,0.04504218748393583,0.0
156,,0.08122423858298246,0.0
157,,0.6238819880042987,1.0
158,,0.25299512037572836,0.0
159,0259-GBZSH,0.08449888368294524,0.0
160,,0.08554603427139212,0.0
161,,0.32395023311170107,0.0
162,,0.6065698985848235,1.0
163,0265-EDXBD,0.15194514220597796,0.0
164,,0.3209346637257204,0.0
165,,0.0059377289377289385,0.0
166,,0.016227521109563364,0.0
167,,0.4096567896734091,0.0
168,,0.6099179031904636,1.0
169,0270-THENM,0.2543848566540943,0.0
170,,0.05439465583658672,0.0
171,,0.818486690908661,1.0
172,,0.12526307353916502,0.0
173,,0.0050825992151907725,0.0
174,,0.003273449982846066,0.0
175,,0.7315913710354365,1.0
176,,0.02267442441526655,0.0
177,,0.7149071431795224,1.0
178,0289-IVARM,0.13589680030215207,0.0
179,,0.07938806383397891,0.0
180,,0.3614473511597412,0.0
181,0295-QVKPB,0.6807674548102318,1.0
182,,0.04315253647296573,0.0
183,,0.5076041308076241,1.0
184,,0.020468068587337275,0.0
185,,0.040479552452025516,0.0
186,0302-JOIVN,0.0422272695077615,0.0
187,,0.007751280208872547,0.0
188,,0.12362881656500681,0.0
189,,0.38665201599582916,0.0
190,,0.8425656142129481,1.0
191,,0.10995775061688262,0.0
192,0308-GIQJT,0.12849992897457982,0.0
193,,0.09044657642951152,0.0
194,,0.20996060444977793,0.0
195,,0.27803734818409365,0.0
196,,0.03562199044480142,0.0
197,,0.012910696986802455,0.0
198,,0.7017285167099108,1.0
199,,0.006700692559738843,0.0
200,,0.12487425929587014,0.0
201,0318-QUUOB,0.4719332982115409,0.0
202,,0.04785931883011243,0.0
203,,0.6508284852398919,1.0
204,,0.388353315435973,0.0
205,,0.42630131305224017,0.0
206,,0.016551028181794724,0.0
207,,0.01042716375771962,0.0
208,,0.5455932240585327,1.0
209,,0.0052840481518572095,0.0
210,,0.07849475269922258,0.0
211,,0.5978448633167751,1.0
212,,0.03136773891966289,0.0
213,,0.10857208319709372,0.0
214,,0.2548713374099823,0.0
215,,0.774816341884372,1.0
216,,0.018009289799464413,0.0
217,,0.6240456659300933,1.0
218,,0.5096301803436383,1.0
219,,0.059352145634388835,0.0
220,,0.28700191942183967,0.0
221,,0.2863456248643577,0.0
222,,0.44869974800137896,0.0
223,,0.020919148465225267,0.0
224,,0.2383974782262516,0.0
225,,0.09097739588960792,0.0
226,,0.2380272919808699,0.0
227,,0.7396586076180366,1.0
228,0354-WYROK,0.1449158594633741,0.0
229,,0.004579579579579579,0.0
230,,0.25532150539127935,0.0
231,,0.17142447964079022,0.0
232,,0.2838074756210612,0.0
233,,0.0015075757575757575,0.0
234,,0.3196607121265636,0.0
235,,0.5899191877119171,1.0
236,,0.5816244635342672,1.0
237,,0.39231934744876634,0.0
238,,0.0017856592644252974,0.0
239,,0.17390084562158478,0.0
240,,0.42437419366621837,0.0
241,0369-ZGOVK,0.18241786298220905,0.0
242,,0.756582219082009,1.0
243,,0.24976193421880466,0.0
244,,0.21668706609542318,0.0
245,,0.031121970135128026,0.0
246,,0.13437982351321703,0.0
247,0376-OIWME,0.04563919480486529,0.0
248,0376-YMCJC,0.03971722028230254,0.0
249,,0.42061371755085636,0.0
250,,0.004848286855631622,0.0
251,,0.142483302399018,0.0
252,,0.4680455883026552,0.0
253,,0.306752998008101,0.0
254,,0.3460274007118823,0.0
255,,0.013049468331021727,0.0
256,,0.2606167168485126,0.0
257,,0.0505550753860076,0.0
258,,0.15091835318661134,0.0
259,,0.744935830234143,1.0
260,,0.1062423596646472,0.0
261,0388-EOPEX,0.5581672537644484,1.0
262,0390-DCFDQ,0.14752392896553745,0.0
263,,0.009913486471163599,0.0
264,0394-YONDK,0.036924249339309545,0.0
265,,0.8417778908530529,1.0
266,,0.10838512907879365,0.0
267,0396-YCHWO,0.010035714285714285,0.0
268,,0.004855217739276748,0.0
269,,0.5469802276552854,1.0
270,,0.2528542861485051,0.0
271,,0.0004761904761904762,0.0
272,,0.009521196288629612,0.0
273,,0.32590836945750984,0.0
274,,0.0841730743842172,0.0
275,,0.054838288281511015,0.0
276,,0.5480890441576455,1.0
277,0409-WTMPL,0.08111258826473938,0.0
278,,0.24873540406017006,0.0
279,0411-EZJZE,0.46565991874998985,0.0
280,,0.7486281439619394,1.0
281,,0.08760311377460381,0.0
282,,0.041165417103910015,0.0
283,0420-BWTPW,0.48074131439260953,0.0
284,,0.29452249658641394,0.0
285,0420-TXVSG,0.1945097693334513,0.0
286,,0.4262309546524989,0.0
287,,0.48079785168364253,0.0
288,,0.20730157618165296,0.0
289,,0.4075050254573177,0.0
290,,0.10435720872680186,0.0
291,,0.01658151329724821,0.0
292,,0.05565422526372161,0.0
293,0431-APWVY,0.13730136978523394,0.0
294,,0.011147731172027832,0.0
295,,0.02096383972282115,0.0
296,,0.07440917566985522,0.0
297,,0.07391403654995442,0.0
298,,0.27050686102376503,0.0
299,,0.07151375242678229,0.0
300,,0.0030745578131105406,0.0
301,,0.06759243111982326,0.0
302,,0.07341027624457747,0.0
303,,0.27213239641181475,0.0
304,0447-BEMNG,0.08428272092387433,0.0
305,,0.09733347083936848,0.0
306,0454-OKRCT,0.10783453650814202,0.0
307,,0.0,0.0
308,,0.016003869696390772,0.0
309,,0.023711706673237895,0.0
310,,0.06240458699890014,0.0
311,,0.38843728825188306,0.0
312,,0.4895961536471197,0.0
313,,0.15516294143906328,0.0
314,,0.19187216548303376,0.0
315,0464-WJTKO,0.19850918713753118,0.0
316,0468-YRPXN,0.45099722741216175,0.0
317,,0.07202607914507148,0.0
318,,0.01567617285962837,0.0
319,,0.008600757448583523,0.0
320,,0.1847623094599007,0.0
321,,0.5645177434997041,1.0
322,,0.0001282051282051282,0.0
323,,0.64849872930042,1.0
324,,0.23206918440617208,0.0
325,,0.0669983057914464,0.0
326,0485-ZBSLN,0.10837043763371196,0.0
327,,0.2009859278543608,0.0
328,,0.06424682142412161,0.0
329,,0.642993035564757,1.0
330,,0.3547662826296871,0.0
331,,0.4332056863298248,0.0
332,,0.5258294058607424,1.0
333,,0.8416305641845818,1.0
334,,0.09634145196650978,0.0
335,,0.5413687576690356,1.0
336,,0.4000501276120854,0.0
337,,0.7025280422983948,1.0
338,,0.08127862701694534,0.0
339,,0.4632046354275701,0.0
340,,0.3815750702382881,0.0
341,,0.2805152084056439,0.0
342,,0.00071221086605702,0.0
343,,0.6852984965163258,1.0
344,,0.1349251569943204,0.0
345,,0.059730726353294024,0.0
346,,0.5406186871912277,1.0
347,,0.05574279470540499,0.0
348,,0.0014285164072824403,0.0
349,0516-QREYC,0.31819215998121453,0.0
350,,0.09066855364671339,0.0
351,,0.022269167488188656,0.0
352,,0.3649580606194504,0.0
353,,0.11358687193170404,0.0
354,0519-XUZJU,0.10166383163971102,0.0
355,,0.06071660306450039,0.0
356,,0.6312520447179775,1.0
357,,0.49134131480524845,0.0
358,,0.2216718363321035,0.0
359,,0.1698665222742719,0.0
360,,0.0869250487531701,0.0
361,,0.0595537157094539,0.0
362,0531-ZZJWQ,0.12088375892192312,0.0
363,,0.3121545237529471,0.0
364,,0.42696044374028785,0.0
365,,0.02642815760480334,0.0
366,,0.46859209740726676,0.0
367,,0.5829655919617266,1.0
368,,0.05452431288149163,0.0
369,0541-FITGH,0.256675167703486,0.0
370,,0.12131084988946973,0.0
371,,0.5767268436911344,1.0
372,0550-DCXLH,0.17676917764542444,0.0
373,0556-FJEGU,0.5585121011815947,1.0
374,,0.42121771417173576,0.0
375,0559-CKHUS,0.17913773487366302,0.0
376,,0.14404835938181648,0.0
377,,0.47351687788773306,0.0
378,,0.49713976794493175,0.0
379,,0.3902142242189822,0.0
380,,0.193996070570985,0.0
381,,0.7892911820501246,1.0
382,,9.708737864077669e-05,0.0
383,,0.020152091708329354,0.0
384,0567-XRHCU,0.03444986044426469,0.0
385,,0.0072971970534842145,0.0
386,,0.08259422178482399,0.0
387,,0.021086593520602426,0.0
388,,0.40580918582377445,0.0
389,,0.6812994675613224,1.0
390,,0.3173537575269949,0.0
391,0578-SKVMF,0.8281746460867494,1.0
392,,0.08773635439413839,0.0
393,0581-BXBUB,0.007917568330697932,0.0
394,,0.4960253413291679,0.0
395,,0.41182074873415603,0.0
396,,0.3256141900662684,0.0
397,0585-EGDDA,0.10344357310782704,0.0
398,,0.4072125771331844,0.0
399,,0.001027955969282591,0.0
400,0595-ITUDF,0.5631568783094888,1.0
401,,0.0958285018685899,0.0
402,,0.10364664011370603,0.0
403,,0.1952462514717731,0.0
404,0602-DDUML,0.11195964893821463,0.0
405,,0.06537598287083471,0.0
406,,0.28173697711524637,0.0
407,,0.5408566600478093,1.0
408,,0.29111381371924655,0.0
409,,0.16797703249811846,0.0
410,0608-JDVEC,0.19688790797341998,0.0
411,,0.07493349563492653,0.0
412,,0.5001882913505206,1.0
413,,0.08877442224017255,0.0
414,,0.36471352174336225,0.0
415,0617-AQNWT,0.13479363676674747,0.0
416,,0.021491671782007827,0.0
417,,0.07177204873990636,0.0
418,,0.6079140754322232,1.0
419,,0.14714852079506227,0.0
420,,0.2203854579847041,0.0
421,,0.08864880435191155,0.0
422,,0.10998244836026251,0.0
423,,0.07107649012534917,0.0
424,,0.43623631954031084,0.0
425,,0.5178567609105271,1.0
426,,0.2632331542848125,0.0
427,,0.18105419086590305,0.0
428,0623-IIHUG,0.1107140639337096,0.0
429,,0.0,0.0
430,,0.6277827854782525,1.0
431,,0.630680345304037,1.0
432,0634-SZPQA,0.4819794539002807,0.0
433,,0.13796048093244073,0.0
434,,0.4772997665067844,0.0
435,,0.7390041591420227,1.0
436,0637-YLETY,0.576990212804548,1.0
437,,0.042731371674937894,0.0
438,,0.012308357356716109,0.0
439,,0.06538445255163629,0.0
440,,0.5622945200702918,1.0
441,,0.021436118257050083,0.0
442,,0.1526562902390716,0.0
443,,0.30768465212840423,0.0
444,,0.34099676380394084,0.0
445,,0.6249536999745859,1.0
446,,0.44304703929025935,0.0
447,,0.3176219260858309,0.0
448,0661-KBKPA,0.07015679171137021,0.0
449,,0.04219633904190518,0.0
450,0661-WCQNQ,0.21452814230868708,0.0
451,0661-XEYAN,0.3213605078066899,0.0
452,,0.3343585587620977,0.0
453,,0.20503153039177932,0.0
454,,0.6215472192552925,1.0
455,,0.002784048151857209,0.0
456,,0.007655292056125485,0.0
457,0670-KDOMA,0.38817723721289815,0.0
458,0673-IGUQO,0.1566066044699809,0.0
459,,0.3236057507467558,0.0
460,,0.11416768653100356,0.0
461,,0.2861135370653119,0.0
462,,0.6069488569126329,1.0
463,,0.13561324285419527,0.0
464,,0.27238108119666415,0.0
465,,0.17037088369258493,0.0
466,,0.35225976199028713,0.0
467,,0.5873918656344985,1.0
468,,0.5476508861476126,1.0
469,,0.5278781883711098,1.0
470,,0.7808570208295368,1.0
471,,0.03097909336847526,0.0
472,,0.498086647057492,0.0
473,,0.11813843041338679,0.0
474,,0.005111984347920055,0.0
475,,0.10491992351480971,0.0
476,,0.5550385845757257,1.0
477,0696-UKTOX,0.3242540663298684,0.0
478,,0.6907928397681615,1.0
479,0699-NDKJM,0.05577161051863938,0.0
480,,0.10807261481990857,0.0
481,,0.5486949764410738,1.0
482,,0.25518263021308263,0.0
483,,0.45005097858859633,0.0
484,,0.0026351351351351347,0.0
485,,0.3427950302431142,0.0
486,,0.1203289661922055,0.0
487,0709-TVGUR,0.0883208309209553,0.0
488,,0.43008827001543076,0.0
489,,0.028252371737332263,0.0
490,,0.7424311275794301,1.0
491,,0.032674947475903424,0.0
492,,0.03226776753748177,0.0
493,,0.5339428351954154,1.0
494,,0.4729034264641119,0.0
495,,0.28181643715951876,0.0
496,,0.12067679333982367,0.0
497,,0.017437818250138185,0.0
498,,0.5414049380961037,1.0
499,,0.6719572373800266,1.0
500,,0.08120155093973354,0.0
501,,0.5416247217938162,1.0
502,,0.1436874135194239,0.0
503,0733-VUNUW,0.5494376539263801,1.0
504,0734-OXWBT,0.793306971563738,1.0
505,,0.1505358132675548,0.0
506,0742-LAFQK,0.3068068172926833,0.0
507,0742-MOABM,0.01587431492986486,0.0
508,,0.5674763770446836,1.0
509,,0.0069687140556705775,0.0
510,0743-HRVFF,0.17988668083804618,0.0
511,,0.026475030800032974,0.0
512,,0.16831810270124742,0.0
513,,0.4466662472579274,0.0
514,,0.0695760580951295,0.0
515,,0.016646440861259736,0.0
516,0750-EBAIU,0.04096381235623487,0.0
517,,0.25291875861319263,0.0
518,,0.26106025323713056,0.0
519,,0.49727798569799603,0.0
520,,0.3930470826723668,0.0
521,0757-WCUUZ,0.7522211394985017,1.0
522,,0.41707885171386616,0.0
523,,0.5053058212241153,1.0
524,,0.16476387557806174,0.0
525,,0.014244081744081743,0.0
526,,0.5698455526358966,1.0
527,,0.340639811746442,0.0
528,0774-RMNUW,0.0031580501795227547,0.0
529,,0.415978697633617,0.0
530,0780-XNZFN,0.5408801087251478,1.0
531,,0.6513807351227725,1.0
532,,0.4862350214480466,0.0
533,,0.5043801568073879,1.0
534,,0.03571975111241416,0.0
535,,0.5973708202082537,1.0
536,,0.020263923533216197,0.0
537,,0.6801968019566044,1.0
538,,0.06385173182874841,0.0
539,,0.1387788126763239,0.0
540,,0.012666165958317122,0.0
541,,0.16124716891334434,0.0
542,,0.07515785970260264,0.0
543,,0.36725096496011994,0.0
544,0804-XBFBV,0.4681697530984955,0.0
545,0804-YGEQV,0.6149249188270126,1.0
546,,0.4521392628199446,0.0
547,0810-BDHAW,0.021047147968350534,0.0
548,,0.00813088629653238,0.0
549,,0.21358883385701777,0.0
550,,0.04708053714009755,0.0
551,,0.030292904006840038,0.0
552,,0.047695065130024424,0.0
553,,0.16666369924448385,0.0
554,,0.17562245467034945,0.0
555,0818-OCPZO,0.11048706628219629,0.0
556,,0.22776408008474,0.0
557,,0.6594861192004529,1.0
558,,0.34821091963508816,0.0
559,0823-HSCDJ,0.25155661598921847,0.0
560,,0.6982734972928499,1.0
561,,0.009227089294885906,0.0
562,,0.09262046552779887,0.0
563,,0.2307610840324429,0.0
564,,0.1596096858450237,0.0
565,,0.3808011284037463,0.0
566,,0.6995283302497637,1.0
567,0835-JKADZ,0.11177999665212308,0.0
568,,0.16034630507283598,0.0
569,,0.2648194683039238,0.0
570,,0.045436641806393965,0.0
571,,0.6739985869359906,1.0
572,,0.08812990930857667,0.0
573,,0.4359104011037773,0.0
574,,0.3283927177070297,0.0
575,,0.7038712669851342,1.0
576,0847-HGRML,0.5984483606366903,1.0
577,,0.03365365256551309,0.0
578,,0.19430494110242208,0.0
579,0851-DFJKB,0.017289484041821145,0.0
580,,0.23808618499422088,0.0
581,,0.1257288996980875,0.0
582,,0.18247842106516401,0.0
583,,0.12357348505642235,0.0
584,,0.22899955613836565,0.0
585,,0.051160317015808934,0.0
586,,0.03946002534327002,0.0
587,,0.0013636363636363635,0.0
588,0867-LDTTC,0.00013513513513513514,0.0
589,0867-MKZVY,0.6068615517059498,1.0
590,,0.6721523727351523,1.0
591,,0.01787594633627506,0.0
592,0870-VEMYL,0.5304702104477395,1.0
593,,0.3341249737573698,0.0
594,,0.4771664766216518,0.0
595,,0.3239479005973545,0.0
596,,0.031806918153296074,0.0
597,,0.0880557388960683,0.0
598,,0.24845629260325913,0.0
599,,0.3937233115718244,0.0
600,0877-SDMBN,0.06417470964803837,0.0
601,0880-FVFWF,0.042637709047095074,0.0
602,,0.0876926336624312,0.0
603,,0.23275580109991856,0.0
604,,0.4886834080126758,0.0
605,,0.003677924333288069,0.0
606,,0.004836526253677417,0.0
607,,0.3630700557733613,0.0
608,0895-DQHEW,0.3528887221864334,0.0
609,,0.24702297144232507,0.0
610,0895-LNKRC,0.21551242295810835,0.0
611,,0.8545456796126142,1.0
612,,0.2605942581578105,0.0
613,,0.0064678902708065955,0.0
614,,0.0031907574120630475,0.0
615,0899-WZRSD,0.7854889107199605,1.0
616,,0.6077567562543283,1.0
617,,0.508570706503655,1.0
618,0906-QVPMS,0.8029770227583721,1.0
619,0907-HQNTS,0.48441515968057075,0.0
620,0909-SDHNU,0.058255076029595364,0.0
621,,0.06044307039173076,0.0
622,,0.6517567595788285,1.0
623,,0.042691021278797064,0.0
624,,0.39587685333167544,0.0
625,,0.007011289990142447,0.0
626,0921-OHLVP,0.18220557013458477,0.0
627,,0.26952846159420557,0.0
628,,0.22970372683015775,0.0
629,0925-VYDLG,0.2562990441448235,0.0
630,,0.009711204745468523,0.0
631,,0.018476674506154457,0.0
632,,0.006333333333333333,0.0
633,,0.21079443037080128,0.0
634,,0.017103341486788368,0.0
635,0929-PECLO,0.008485784485784487,0.0
636,0930-EHUZA,0.005893755961552572,0.0
637,0931-MHTEM,0.08427037959052913,0.0
638,,0.62420409184567,1.0
639,,0.5212787469136713,1.0
640,,0.1728184719711318,0.0
641,,0.0074708635308790875,0.0
642,0940-OUQEC,0.10121834700441684,0.0
643,0942-KOWSM,0.18488494559878318,0.0
644,0943-ZQPXH,0.693840803210575,1.0
645,,0.7099481394206818,1.0
646,,0.25980846513981026,0.0
647,,0.07375454030964494,0.0
648,0947-IDHRQ,0.4503579836234811,0.0
649,,0.05795019904193901,0.0
650,,0.22925813042525367,0.0
651,0953-LGOVU,0.8480508360685383,1.0
652,,0.6791268751241915,1.0
653,,0.4492141625400084,0.0
654,,0.10533918890200504,0.0
655,,0.031839513808534975,0.0
656,,0.6268607092251341,1.0
657,,0.5521810373357579,1.0
658,,0.47802493382136285,0.0
659,,0.5847858531250876,1.0
660,,0.3203892524602452,0.0
661,,0.39221534048719325,0.0
662,,0.20553824407601973,0.0
663,0970-ETWGE,0.06492938543328117,0.0
664,,0.009809489866886328,0.0
665,,0.6744288093746171,1.0
666,,0.577751955225052,1.0
667,,0.6166047748351896,1.0
668,,0.0026351351351351347,0.0
669,,0.514438935371682,1.0
670,0979-PHULV,0.16170700733368548,0.0
671,0980-FEXWF,0.6640849065410194,1.0
672,0980-PVMRC,0.07659234728923141,0.0
673,,0.3861449002342563,0.0
674,,0.1120949784907679,0.0
675,,0.2937581803969834,0.0
676,0991-BRRFB,0.2729047599401049,0.0
677,,0.30808605284814705,0.0
678,,0.09155058668252755,0.0
679,,0.1252536370018423,0.0
680,,0.08933916871575061,0.0
681,,0.026982634388844073,0.0
682,1009-IRMNA,0.2324629044684754,0.0
683,1010-DIAUQ,0.473598409975603,0.0
684,,0.1728273640945035,0.0
685,1015-JPFYW,0.578748846814067,1.0
686,,0.0021342054263565895,0.0
687,1016-DJTSV,0.18718609279918028,0.0
688,,0.07566158221272334,0.0
689,,0.007953380722958852,0.0
690,,0.3162289597915548,0.0
691,1023-BQXZE,0.48452701442080537,0.0
692,,0.6792530044471033,1.0
693,,0.06299282245344161,0.0
694,,0.013396844579674596,0.0
695,,0.10245422325144067,0.0
696,,0.733769830674951,1.0
697,,0.10450234341212213,0.0
698,,0.47219595042691026,0.0
699,1031-IIDEO,0.1794471345217544,0.0
700,,0.5071756214843214,1.0
701,,0.028130969238922717,0.0
702,,0.5257046064688988,1.0
703,,0.48736258348732214,0.0
704,,0.6245680719079919,1.0
705,,0.8482541842651034,1.0
706,1042-HFUCW,0.10991798357489442,0.0
707,,0.640734288760559,1.0
708,,0.04193761124972353,0.0
709,1045-LTCYT,0.5744337608003106,1.0
710,1047-NNCBF,0.7396553012042301,1.0
711,,0.0221489347893594,0.0
712,,0.4414699346579781,0.0
713,,0.012279455377708515,0.0
714,,0.16350983282706402,0.0
715,,0.1208560475647254,0.0
716,,0.5609395858874219,1.0
717,,0.005550334296249675,0.0
718,1060-ENTOF,0.14747790592781668,0.0
719,,0.818486690908661,1.0
720,,0.1499362702535837,0.0
721,,0.11334586327571933,0.0
722,,0.24566040731155478,0.0
723,,0.7917461684415953,1.0
724,,0.02724543598253096,0.0
725,,0.02547400754832843,0.0
726,,0.4889443611334916,0.0
727,,0.017008336757626943,0.0
728,,0.49900744145457226,0.0
729,1075-BGWOH,0.5041202583310507,1.0
730,,0.2433054037704013,0.0
731,,0.3127858413039895,0.0
732,1080-BWSYE,0.39482111070914333,0.0
733,,0.02697784797784798,0.0
734,1084-UQCHV,0.025784957895808744,0.0
735,,0.22872959840046633,0.0
736,,0.2466092274632941,0.0
737,,0.6128143498543632,1.0
738,,0.7257458071614689,1.0
739,,0.520961851083338,1.0
740,1088-CNNKB,0.6997015515820476,1.0
741,,0.03551435282793676,0.0
742,,0.37557709528026484,0.0
743,1090-ESELR,0.3501639973639288,0.0
744,,0.1762422837254646,0.0
745,,0.003333333333333333,0.0
746,,0.656154349186607,1.0
747,,0.16980163918502122,0.0
748,1093-YSWCA,0.04532291275527834,0.0
749,,0.11285175575090055,0.0
750,,0.5786081768233438,1.0
751,,0.4978221694902075,0.0
752,,0.2497715177397373,0.0
753,,0.26535786735215433,0.0
754,,0.5408801087251478,1.0
755,1098-TDVUQ,0.07743542661233925,0.0
756,1099-BTKWT,0.7702679383992304,1.0
757,,0.3305292771194644,0.0
758,,0.2171618235806368,0.0
759,,0.7281234803098201,1.0
760,,0.20264615922615492,0.0
761,,0.20471188964169862,0.0
762,,0.5438837573569054,1.0
763,,0.2722287694182172,0.0
764,1112-CUNAO,0.1662231581365585,0.0
765,,0.007829095557861591,0.0
766,,0.6411962985398821,1.0
767,,0.04088627861014277,0.0
768,,0.07566505777022195,0.0
769,,0.6807238397413801,1.0
770,1121-QSIVB,0.7843049698554242,1.0
771,,0.2620004512925418,0.0
772,,0.10390265947301264,0.0
773,1125-SNVCK,0.5045463759884374,1.0
774,,0.1227323081467979,0.0
775,,0.0032330841362256234,0.0
776,,0.32094080427104893,0.0
777,,0.548792079662898,1.0
778,,0.07231858743452128,0.0
779,,0.20928729589284653,0.0
780,,0.8859466685383498,1.0
781,,0.40047961424436396,0.0
782,,0.026563492063492063,0.0
783,1139-WUOAH,0.5909024023862918,1.0
784,,0.2747964377902486,0.0
785,,0.08565347283517179,0.0
786,1142-WACZW,0.01145044883229411,0.0
787,,0.20987338673506503,0.0
788,1150-FTQGN,0.24842756286472034,0.0
789,,0.026177213379393605,0.0
790,,0.13106380349812766,0.0
791,1154-HYWWO,0.7400284056837623,1.0
792,,0.19090693677874915,0.0
793,,0.5479310443109503,1.0
794,,0.5691918703310341,1.0
795,,0.32553851854055943,0.0
796,,0.32058918983523765,0.0
797,,0.25054818664148487,0.0
798,,0.009523445172811631,0.0
799,,0.5969836692947131,1.0
800,,0.002056069876863681,0.0
801,1169-WCVAK,0.14500411064663432,0.0
802,,0.4461486362731564,0.0
803,,0.01107058733026215,0.0
804,,0.1719852361373512,0.0
805,,0.003037361164601218,0.0
806,,0.04482674643676643,0.0
807,,0.40757795571334815,0.0
808,1177-XZBJL,0.34997951235870706,0.0
809,,0.720415863645663,1.0
810,,0.006740032861988385,0.0
811,,0.06194259347062931,0.0
812,1184-PJVDB,0.5684475639705832,1.0
813,1187-WILMM,0.014688762626262628,0.0
814,,0.7419134253566864,1.0
815,,0.44156159804608935,0.0
816,,0.07407192410391115,0.0
817,,0.04509933908693841,0.0
818,,0.6067501858152214,1.0
819,1196-AMORA,0.15632453939575697,0.0
820,,0.00042468286008241193,0.0
821,,0.06738349864359189,0.0
822,,0.14685088501586477,0.0
823,1205-WNWPJ,0.009678277854923591,0.0
824,,0.5081254526953594,1.0
825,,0.33132016595698377,0.0
826,,0.1110870519970442,0.0
827,,0.22440395103932786,0.0
828,,0.0010513833742756022,0.0
829,,0.057188105387082654,0.0
830,,0.11580909370797318,0.0
831,1215-EXRMO,0.19902146466679113,0.0
832,,0.3511798660633874,0.0
833,,0.2731262239906936,0.0
834,,0.011066464741701934,0.0
835,,0.071036988423725,0.0
836,1217-VASWC,0.013858589724688794,0.0
837,,0.01736761386953876,0.0
838,,0.5149542784202992,1.0
839,,0.024414125897996863,0.0
840,1222-KJNZD,0.5052284891113407,1.0
841,,0.0024703247346797735,0.0
842,,0.1668918934484479,0.0
843,,0.5268750546433276,1.0
844,,0.23861669393167723,0.0
845,,0.08166556319421366,0.0
846,,0.016532939605403037,0.0
847,,0.54904270144912,1.0
848,,0.018879723921037248,0.0
849,1229-RCALF,0.33559716198402256,0.0
850,,0.049486730660643706,0.0
851,,0.7885566535752291,1.0
852,,0.08211896209693446,0.0
853,1237-WIYYZ,0.5814527259080332,1.0
854,,0.179220192461246,0.0
855,,0.4935751302702409,0.0
856,,0.22110085752241967,0.0
857,1241-FPMOF,0.0027975587045840984,0.0
858,,0.02956499443243056,0.0
859,,0.26678210273374564,0.0
860,,0.41016266578441707,0.0
861,,0.35974109390243675,0.0
862,,0.7491158557532401,1.0
863,,0.38869265937075925,0.0
864,,0.014071828821119006,0.0
865,,0.0,0.0
866,,0.14702183262928298,0.0
867,,0.055052563734398735,0.0
868,,0.15986054863427174,0.0
869,,0.4860717852719252,0.0
870,,0.06687587792137309,0.0
871,,0.7886258754112611,1.0
872,,0.7394287710579411,1.0
873,,0.21850661292640994,0.0
874,1265-ZFOSD,0.046058899810006375,0.0
875,,0.27425314103979603,0.0
876,,0.4713839088626288,0.0
877,,0.02256469979296066,0.0
878,1270-XKUCC,0.4670149282095882,0.0
879,,0.04576557542247769,0.0
880,,0.24792110454280858,0.0
881,,0.7765910975496523,1.0
882,1273-MTETI,0.1094228989886438,0.0
883,,0.09313372068558441,0.0
884,,0.45071982420056345,0.0
885,,0.6360333346343162,1.0
886,,0.784851518446628,1.0
887,,0.250434099332724,0.0
888,,0.3285848227624663,0.0
889,,0.1530315702263782,0.0
890,,0.8836243041969069,1.0
891,,0.6759531965753844,1.0
892,,0.4276370445948599,0.0
893,,0.6370930776859085,1.0
894,,0.3579731066085432,0.0
895,,0.32951243600154717,0.0
896,,0.10055832191215112,0.0
897,,0.5382440851280847,1.0
898,,0.052647642388789724,0.0
899,,0.5893204377221878,1.0
900,,0.05921380569090554,0.0
901,,0.07807182387556423,0.0
902,,0.24808076164429557,0.0
903,,0.1967207764717676,0.0
904,,0.0665295060128657,0.0
905,,0.5775392281596412,1.0
906,,0.42546832838987264,0.0
907,,0.01646175244586728,0.0
908,1322-AGOQM,0.060691273197200024,0.0
909,,0.40103896584581933,0.0
910,,0.25712565189062525,0.0
911,,0.16694058846516097,0.0
912,,0.10115328629756062,0.0
913,,0.48687154978448954,0.0
914,,0.2912542844374192,0.0
915,,0.2891466499479289,0.0
916,,0.8930140201294237,1.0
917,,0.005584232152028763,0.0
918,,0.7085836109211594,1.0
919,,0.035719150562611074,0.0
920,,0.000908839896351047,0.0
921,1337-BOZWO,0.6356095670693318,1.0
922,,0.8178510581811108,1.0
923,,0.2506630933996547,0.0
924,,0.012003071160111985,0.0
925,,0.39550890207116657,0.0
926,,0.06787938473854338,0.0
927,1346-PJWTK,0.4269787757205373,0.0
928,1346-UFHAX,0.22711084324174627,0.0
929,,0.005458600683627773,0.0
930,,0.08619137976712475,0.0
931,,0.6062288631464154,1.0
932,,0.021635842524834,0.0
933,,0.021186293854735406,0.0
934,,0.5741438302893335,1.0
935,,0.3710360874633427,0.0
936,,0.21624500588734563,0.0
937,,0.0,0.0
938,1357-BIJKI,0.6387319378238212,1.0
939,1357-MVDOZ,0.20653621904312217,0.0
940,1360-JYXKQ,0.04330741008436978,0.0
941,,0.3894723047361817,0.0
942,1360-XFJMR,0.7470208225265255,1.0
943,,0.23936563733852284,0.0
944,,0.20021334866742785,0.0
945,,0.046681988354846056,0.0
946,,0.30758918253858214,0.0
947,,0.2614773704493003,0.0
948,,0.1896170765317672,0.0
949,,0.2627166728878159,0.0
950,1376-HHBDV,0.5819553676292948,1.0
951,,0.2628973543348986,0.0
952,,0.1216399439705921,0.0
953,,0.013330298200368582,0.0
954,,0.18170346492504144,0.0
955,1386-ZIKUV,0.25569763929712214,0.0
956,,0.13367690661997625,0.0
957,,0.03901298299257689,0.0
958,,0.4051616346418658,0.0
959,,0.21271662480856368,0.0
960,1394-SUIUH,0.22143847732471067,0.0
961,,0.31522751382643277,0.0
962,1395-WSWXR,0.6645072229968738,1.0
963,1396-QWFBJ,0.04005540193869549,0.0
964,,0.44653051710189595,0.0
965,,0.1435209131785082,0.0
966,,0.8244361239443705,1.0
967,1400-MMYXY,0.5656211859025249,1.0
968,,0.1144383412835741,0.0
969,,0.08300402532467695,0.0
970,,0.05364526438668596,0.0
971,,0.4467653577700891,0.0
972,1403-LKLIK,0.02127939551570389,0.0
973,,0.38565140700658207,0.0
974,,0.36770663461435094,0.0
975,,0.5166177649132004,1.0
976,,0.16511629822464002,0.0
977,,0.12414956456643475,0.0
978,,0.011944787328496465,0.0
979,1421-HCERK,0.4818980133975691,0.0
980,,0.08290193196222774,0.0
981,,0.059089464327341634,0.0
982,,0.25711191278885737,0.0
983,1428-GTBJJ,0.49224173747042066,0.0
984,,0.012823760731116523,0.0
985,,0.7599162929098007,1.0
986,,0.13337544048701294,0.0
987,,0.4537086331364088,0.0
988,,0.027160216940328753,0.0
989,,0.41656875002496896,0.0
990,,0.5639657149165958,1.0
991,,0.10943662102010819,0.0
992,,0.25488241662223077,0.0
993,1442-OKRJE,0.01802097657868817,0.0
994,,0.05688232318831671,0.0
995,,0.037814113322566865,0.0
996,,0.5101269933942671,1.0
997,,0.05557742724769702,0.0
998,,0.0009259259259259259,0.0
999,,0.6695015546769579,1.0
1000,,0.07018424391700254,0.0
1001,,0.5327480656847354,1.0
1002,,0.0046564087836488376,0.0
1003,,0.8341401851005711,1.0
1004,,0.03948711783971327,0.0
1005,,0.061085301560165804,0.0
1006,,0.002859225140778539,0.0
1007,,0.01618275418275418,0.0
1008,,0.0031580501795227547,0.0
1009,1455-UGQVH,0.45444384783025915,0.0
1010,1456-TWCGB,0.5294990341336336,1.0
1011,,0.009276224200729367,0.0
1012,,0.34838889190285366,0.0
1013,,0.00013513513513513514,0.0
1014,,0.3112639881264614,0.0
1015,,0.4857131675188483,0.0
1016,1468-DEFNC,0.03489040072907516,0.0
1017,,0.12258460410737974,0.0
1018,,0.06324254771529031,0.0
1019,1471-GIQKQ,0.11808137410860647,0.0
1020,,0.07969664845669132,0.0
1021,,0.3937233115718244,0.0
1022,,0.06054297861073245,0.0
1023,,0.5161503796547868,1.0
1024,,0.22003310967155634,0.0
1025,,0.08631132241293199,0.0
1026,,0.03417832614204679,0.0
1027,1482-OXZSY,0.12727089286878976,0.0
1028,,0.009054868757847966,0.0
1029,,0.005855561954911963,0.0
1030,1488-SYSFC,0.0018091981257964864,0.0
1031,,0.36503255306875076,0.0
1032,,0.4254545965825923,0.0
1033,,0.034374391467655134,0.0
1034,1494-EJZDW,0.550273352043892,1.0
1035,,0.4420859073354274,0.0
1036,,0.38172947494855625,0.0
1037,1498-NHTLT,0.06869988694262069,0.0
1038,,0.4283078120956016,0.0
1039,,0.10109596362195113,0.0
1040,1506-YJTYT,0.7699038309681354,1.0
1041,,0.037440419706927366,0.0
1042,1513-XNPPH,0.43633831191031464,0.0
1043,,0.2827529334361882,0.0
1044,,0.0691875227268995,0.0
1045,,0.11972402193394668,0.0
1046,,0.16302171117939315,0.0
1047,,0.13900274858938627,0.0
1048,,0.0015313463753097096,0.0
1049,,0.834397925497217,1.0
1050,,0.3100279676766332,0.0
1051,,0.0461423021448125,0.0
1052,,0.021749705106157292,0.0
1053,,0.11443986046987091,0.0
1054,,0.17211084177279157,0.0
1055,,0.007349050634475735,0.0
1056,,0.010108631029426315,0.0
1057,,0.275686976206174,0.0
1058,,0.0973131750606345,0.0
1059,,0.6160823062840008,1.0
1060,,0.49121568159487256,0.0
1061,,0.4338057146016086,0.0
1062,,9.708737864077669e-05,0.0
1063,,0.06678284930730786,0.0
1064,,0.4007129210585959,0.0
1065,1552-TKMXS,0.23447974585347742,0.0
1066,,0.47766931596072176,0.0
1067,,0.4239905304611994,0.0
1068,,0.0,0.0
1069,,0.6500028182204971,1.0
1070,1561-BWHIN,0.3091991485208295,0.0
1071,,0.0031157067570111046,0.0
1072,1564-HJUVY,0.11678039050606187,0.0
1073,,0.1740678392668505,0.0
1074,1565-RHDJD,0.007901126339328587,0.0
1075,,0.007232033601153426,0.0
1076,,0.010114463889200953,0.0
1077,,0.8307327072989757,1.0
1078,,0.16867260769945033,0.0
1079,1571-SAVHK,0.2794786576279589,0.0
1080,,0.04882761360594458,0.0
1081,,0.007685640185640186,0.0
1082,,0.49736624079166425,0.0
1083,1576-PFZIW,0.7396487999882391,1.0
1084,,0.012180210978878553,0.0
1085,,0.5628016990241798,1.0
1086,,0.6882333526288374,1.0
1087,,0.14689968443662096,0.0
1088,,0.006601252452932478,0.0
1089,,0.004387361992013155,0.0
1090,,0.0829823927108027,0.0
1091,1589-AGTLK,0.08414956153470364,0.0
1092,,0.022748833853485015,0.0
1093,,0.10454001014848373,0.0
1094,,0.1528583002531715,0.0
1095,,0.3561284874488848,0.0
1096,,0.09240651390106139,0.0
1097,1597-FZREH,0.03069265745739467,0.0
1098,,0.2743256634257681,0.0
1099,,0.6367014744556838,1.0
1100,,0.15812165671639736,0.0
1101,,0.17155983942836023,0.0
1102,1602-IJQQE,0.6827637857139137,1.0
1103,1608-GMEWB,0.6415729862584786,1.0
1104,1612-EOHDH,0.5282086382478378,1.0
1105,,0.0032585759701758686,0.0
1106,,0.0030745578131105406,0.0
1107,,0.28284262661434995,0.0
1108,,0.5967934433344765,1.0
1109,,0.14473307739011176,0.0
1110,1623-NLDOT,0.1947206473219183,0.0
1111,1624-NALOJ,0.7360535942172841,1.0
1112,,0.2451410047572769,0.0
1113,,0.4097421292909507,0.0
1114,1626-ERCMM,0.02909000708352278,0.0
1115,,0.25725259814095824,0.0
1116,,0.21910619989314958,0.0
1117,,0.1736245740561619,0.0
1118,1635-FJFCC,0.03276773948193606,0.0
1119,,0.1603083614325967,0.0
1120,,0.7076481804386257,1.0
1121,,0.0017439248711649251,0.0
1122,,0.20192493064195977,0.0
1123,,0.5664839764930331,1.0
1124,,0.46627054276201463,0.0
1125,,0.510153932321186,1.0
1126,,0.03163172211948905,0.0
1127,,0.5414980766615608,1.0
1128,1657-DYMBM,0.495400484612931,0.0
1129,,0.0073362913407551324,0.0
1130,,0.01159899733493304,0.0
1131,1658-XUHBX,0.4201178359614132,0.0
1132,,0.2848648531850247,0.0
1133,,0.10192874727158927,0.0
1134,,0.612547493354703,1.0
1135,,0.12526944884367924,0.0
1136,,0.04514052039634937,0.0
1137,,0.6460521842795031,1.0
1138,1676-MQAOA,0.29449669782581195,0.0
1139,,0.0502999945845559,0.0
1140,,0.1121088482085725,0.0
1141,,0.02048604287234655,0.0
1142,1682-VCOIO,0.7512233526546614,1.0
1143,,0.46569386862661377,0.0
1144,,0.09476771730315812,0.0
1145,,0.6397902861207089,1.0
1146,,0.008538044716221372,0.0
1147,,0.6865021235257432,1.0
1148,,0.053625380464071275,0.0
1149,,0.05757088342327819,0.0
1150,1696-MZVAU,0.259310829337958,0.0
1151,1697-BCSHV,0.19169772676298355,0.0
1152,,0.6072860547403045,1.0
1153,,0.46042274722175264,0.0
1154,,0.3465376912245117,0.0
1155,,0.2519664005339442,0.0
1156,,0.26568714425595497,0.0
1157,,0.43051357189233846,0.0
1158,,0.5009122532966902,1.0
1159,,0.00013513513513513514,0.0
1160,,0.21314849940623035,0.0
1161,1705-GUHPV,0.5365464413819517,1.0
1162,,0.1710517754201151,0.0
1163,,0.10096682805725055,0.0
1164,1709-EJDOX,0.01690164678101882,0.0
1165,,0.4049214611750644,0.0
1166,,0.33542510214481147,0.0
1167,,0.10496417530590595,0.0
1168,,0.003209542126693289,0.0
1169,,0.5713380651332303,1.0
1170,,0.060780667605279726,0.0
1171,,0.22105686203543237,0.0
1172,1725-MIMXW,0.02871397268299385,0.0
1173,,0.3404073735736197,0.0
1174,,0.020718666542371103,0.0
1175,1729-VLAZJ,0.17189387267623524,0.0
1176,,0.42437419366621837,0.0
1177,,0.11219279537726372,0.0
1178,,0.3354178478049106,0.0
1179,,0.7283869731096644,1.0
1180,,0.07841781780858885,0.0
1181,,0.24907835306315346,0.0
1182,,0.151695244928095,0.0
1183,,0.5645461247096089,1.0
1184,,0.16926960159523963,0.0
1185,1744-JHKYS,0.4452206959016407,0.0
1186,,0.2976750651895634,0.0
1187,,0.18204302923483176,0.0
1188,1751-NCDLI,0.47829729382153696,0.0
1189,,0.17541530139476563,0.0
1190,,0.5411558521344907,1.0
1191,1755-FZQEC,0.7540199799851399,1.0
1192,,0.4177526229205332,0.0
1193,1757-TCATG,0.09460415160131903,0.0
1194,,0.6502402370793908,1.0
1195,,0.09530363501263653,0.0
1196,,0.1409322215798265,0.0
1197,,0.16728719860529218,0.0
1198,1764-VUUMT,0.14633268856641649,0.0
1199,1766-GKNMI,0.40239629698484913,0.0
1200,,0.24541522281693315,0.0
1201,,0.15895158103322327,0.0
1202,1768-HNVGJ,0.11868898273836613,0.0
1203,,0.07502632158251205,0.0
1204,,0.030321759888707767,0.0
1205,,0.7772421211809175,1.0
1206,,0.2542347218366844,0.0
1207,,0.651106787462326,1.0
1208,1777-JYQPJ,0.2440904506947726,0.0
1209,,0.5882404706934835,1.0
1210,,0.6239795858439129,1.0
1211,,0.5115288883425834,1.0
1212,,0.33276431938124645,0.0
1213,,0.5302182889802811,1.0
1214,,0.021420767771310096,0.0
1215,,0.09195229074718844,0.0
1216,,0.3891170140631517,0.0
1217,,0.14825862525431988,0.0
1218,,0.03335696903710605,0.0
1219,,0.3311747647614221,0.0
1220,,0.017462065022609684,0.0
1221,,0.2718908754772251,0.0
1222,1810-MVMAI,0.10812395589985499,0.0
1223,,0.29650799656084936,0.0
1224,1813-JYWTO,0.08343192215525905,0.0
1225,,0.7042561134565473,1.0
1226,,0.5211978619277322,1.0
1227,,0.01069047619047619,0.0
1228,,0.06397378278942066,0.0
1229,,0.1523918515410691,0.0
1230,,0.34116787472848586,0.0
1231,,0.13443073139133116,0.0
1232,,0.05769434526381766,0.0
1233,,0.024942919799498742,0.0
1234,,0.1422607626700335,0.0
1235,,0.053591779834990784,0.0
1236,,0.13343208771744586,0.0
1237,,0.011103634638355071,0.0
1238,,0.0023409090909090905,0.0
1239,1837-YQUCE,0.0210360490311334,0.0
1240,1839-FBNFR,0.42246982578077097,0.0
1241,,0.001833928178012778,0.0
1242,,0.3513392056911389,0.0
1243,,0.5713644809514224,1.0
1244,,0.1583206968256096,0.0
1245,,0.3778498733837254,0.0
1246,,0.5169380695941116,1.0
1247,,0.44589080415131055,0.0
1248,,0.7231706156790537,1.0
1249,1848-LBZHY,0.8358857488681619,1.0
1250,,0.0648982292389672,0.0
1251,,0.16011328771712463,0.0
1252,,0.14118875886534332,0.0
1253,,0.28913644371380715,0.0
1254,,0.1706106197978559,0.0
1255,1853-UDXBW,0.1621989950473685,0.0
1256,,0.8411866979191109,1.0
1257,1855-CFULU,0.15205685099585176,0.0
1258,,0.41674661270037106,0.0
1259,,0.08936574459913016,0.0
1260,1866-DIOQZ,0.5434288045952355,1.0
1261,,0.23790833004797432,0.0
1262,,0.48470159620318415,0.0
1263,1866-RZZQS,0.01641237729992593,0.0
1264,,0.013742445623168951,0.0
1265,,0.19564511112320251,0.0
1266,,0.05662258280789844,0.0
1267,,0.057849943476616164,0.0
1268,,0.5172429054612206,1.0
1269,,0.1366498139118861,0.0
1270,1877-HKBQX,0.1651930756734334,0.0
1271,,0.5886635857564657,1.0
1272,1891-QRQSA,0.12651056399604405,0.0
1273,,0.020083089717907843,0.0
1274,,0.051888186990810645,0.0
1275,1895-QTKDO,0.1894474802941058,0.0
1276,1897-OKVMW,0.2287522649720819,0.0
1277,,0.45406946077359445,0.0
1278,,0.020497007312182323,0.0
1279,,0.3653830286726326,0.0
1280,1902-XBTFB,0.07231210756512932,0.0
1281,1904-WAJAA,0.003912948979927479,0.0
1282,,0.3807284918561079,0.0
1283,,0.03169715263722803,0.0
1284,,0.6358266910727519,1.0
1285,,0.4961893444860511,0.0
1286,,0.042352569362918153,0.0
1287,,0.564541161953381,1.0
1288,,0.013738433056869146,0.0
1289,,0.3694251260944268,0.0
1290,1921-KYSAY,0.01601829961631632,0.0
1291,,0.20849029447312475,0.0
1292,,0.37734922534189586,0.0
1293,1925-TIBLE,0.38543090347225595,0.0
1294,,0.18342564112816248,0.0
1295,,0.016477443609022552,0.0
1296,,0.2081173174527164,0.0
1297,,0.18510089536233676,0.0
1298,,0.220646633762255,0.0
1299,1930-QPBVZ,0.6114222772506228,1.0
1300,,0.5741987063696761,1.0
1301,,0.2962206133039975,0.0
1302,,0.023618737991200796,0.0
1303,1934-SJVJK,0.3289103615233684,0.0
1304,,0.3612420312460475,0.0
1305,,0.10184753218371088,0.0
1306,,0.3601337471820645,0.0
1307,,0.488353461540432,0.0
1308,,0.14728293111163976,0.0
1309,,0.22759622908001664,0.0
1310,,0.7368536906685947,1.0
1311,,0.011991060619370131,0.0
1312,1951-IEYXM,0.06880305292552184,0.0
1313,,0.3230411288359555,0.0
1314,,0.0804917461989741,0.0
1315,,0.5277684415498678,1.0
1316,,0.35497180876286594,0.0
1317,,0.11239174027849545,0.0
1318,,0.24886372137476326,0.0
1319,1963-SVUCV,0.09139195145662038,0.0
1320,,0.002792743327418149,0.0
1321,,0.23678004387782398,0.0
1322,,0.6933727375021319,1.0
1323,1965-DDBWU,0.03629247843482179,0.0
1324,,0.6092619062245851,1.0
1325,,0.42341939947298074,0.0
1326,,0.08753911001197343,0.0
1327,,0.7843918002720817,1.0
1328,1976-CFOCS,0.444830896103933,0.0
1329,1977-STDKI,0.06284130347406962,0.0
1330,,0.6233873042518847,1.0
1331,,0.04978220868954911,0.0
1332,,0.08485970015220362,0.0
1333,1984-FCOWB,0.251018610111868,0.0
1334,,0.38014713568275627,0.0
1335,,0.23954655997718344,0.0
1336,,0.5610284942699146,1.0
1337,,0.008051949472035374,0.0
1338,,0.023270202020202014,0.0
1339,1991-VOPLL,0.23526413336340643,0.0
1340,,0.18177643147128258,0.0
1341,,0.07339899514673374,0.0
1342,,0.21821307940383572,0.0
1343,,0.472949208451169,0.0
1344,,0.5921627219488051,1.0
1345,,0.5430489848240173,1.0
1346,,0.12849842734054262,0.0
1347,,0.2022508122912545,0.0
1348,2004-OCQXK,0.05451556547497639,0.0
1349,,0.06050708590937065,0.0
1350,,0.1428969350226777,0.0
1351,,0.3429403052076387,0.0
1352,,0.7534561473590287,1.0
1353,,0.03584209288954066,0.0
1354,,0.02879328277921849,0.0
1355,,0.13145847720960263,0.0
1356,,0.5879689043856058,1.0
1357,,0.31012473216273984,0.0
1358,,0.004072864072864073,0.0
1359,,0.1577859017869409,0.0
1360,,0.5104734330551989,1.0
1361,,0.15464985407543003,0.0
1362,,0.6273869648494932,1.0
1363,,0.5506443637396762,1.0
1364,,0.5113616590114607,1.0
1365,,0.4291043776498015,0.0
1366,,0.02141235703931507,0.0
1367,,0.39708295384470965,0.0
1368,,0.6115203375939133,1.0
1369,,0.00875,0.0
1370,,0.27055875162693377,0.0
1371,,0.17184902387114875,0.0
1372,,0.3881263392815982,0.0
1373,2038-LLMLM,0.606572132699979,1.0
1374,,0.015676884512656857,0.0
1375,,0.5546407698002991,1.0
1376,,0.10704884564061752,0.0
1377,,0.10534230817618448,0.0
1378,,0.5055068633368817,1.0
1379,,0.0047229154706720025,0.0
1380,,0.06618489170754038,0.0
1381,,0.08819560034205416,0.0
1382,2043-WVTQJ,0.4873882072260565,0.0
1383,,0.2116766512696131,0.0
1384,,0.6713217674208732,1.0
1385,,0.12550136559547626,0.0
1386,,0.13788162755551997,0.0
1387,,0.37725794817859876,0.0
1388,,0.10713113830295982,0.0
1389,,0.012764139160306583,0.0
1390,,0.30352931421012275,0.0
1391,,0.1432170359023082,0.0
1392,2057-ZBLPD,0.0916696478657349,0.0
1393,,0.19844072058197315,0.0
1394,,0.37487550247986073,0.0
1395,,0.13060891013970585,0.0
1396,,0.2896333066749191,0.0
1397,,0.6107132674518604,1.0
1398,,0.07004201343306428,0.0
1399,,0.24974447433366262,0.0
1400,2072-ZVJJX,0.257835660985411,0.0
1401,,0.022601556866123605,0.0
1402,2074-GKOWZ,0.02700154910432202,0.0
1403,,0.3523078793946639,0.0
1404,,0.483820120127594,0.0
1405,,0.5750615329022767,1.0
1406,,0.003596961817712052,0.0
1407,,0.019730092589466765,0.0
1408,,0.5778489839388081,1.0
1421,2091-MJTFX,,
1423,2096-XOTMO,,
1435,2115-BFTIW,,
1447,2137-DQMEV,,
1453,2144-ESWKO,,
1473,2178-PMGCJ,,
1474,2180-DXNEG,,
1480,2188-SXWVT,,
1493,2202-CUYXZ,,
1495,2203-GHNWN,,
1506,2209-XADXF,,
1511,2220-IAHLS,,
1512,2223-GDSHL,,
1520,2230-XTUWL,,
1521,2232-DMLXU,,
1528,2235-ZGKPT,,
1529,2236-HILPA,,
1542,2252-JHJGE,,
1546,2256-YLYLP,,
1547,2257-BOVXD,,
1557,2270-CHBFN,,
1563,2274-XUATA,,
1565,2276-YDAVZ,,
1567,2277-BKJKN,,
1568,2277-DJJDL,,
1571,2282-YGNOR,,
1577,2296-DKZFP,,
1582,2305-MRGLV,,
1610,2346-DJQTB,,
1617,2359-KLTEK,,
1621,2361-FJWNO,,
1627,2369-FEVNO,,
1634,2378-HTWFW,,
1637,2379-ENZGV,,
1645,2388-LAESQ,,
1652,2400-XIWIO,,
1662,2419-FSORS,,
1663,2424-WVHPL,,
1673,2439-LYPMQ,,
1675,2446-BEGGB,,
1680,2452-KDRRH,,
1684,2454-RPBRZ,,
1694,2469-DTSGX,,
1698,2475-MROZF,,
1701,2479-BRAMR,,
1712,2495-KZNFB,,
1713,2495-TTHBQ,,
1721,2509-TFPJU,,
1724,2514-GINMM,,
1725,2516-VQRRV,,
1726,2516-XSJKX,,
1738,2530-ENDWQ,,
1745,2542-HYGIQ,,
1764,2580-ASVVY,,
1772,2589-AYCRP,,
1775,2592-YKDIF,,
1779,2603-HVKCG,,
1780,2604-IJPDU,,
1801,2632-TACXW,,
1808,2639-UGMAZ,,
1821,2657-VPXTA,,
1826,2664-XJZNO,,
1828,2667-WYLWJ,,
1831,2669-QVCRG,,
1836,2673-CXQEU,,
1838,2674-MIAHT,,
1839,2674-MLXMN,,
1840,2675-DHUTR,,
1847,2682-KEVRP,,
1850,2684-EIWEO,,
1852,2688-BHGOG,,
1854,2691-NZETQ,,
1857,2692-PFYTJ,,
1862,2697-NQBPF,,
1876,2722-JMONI,,
1877,2722-VOJQL,,
1878,2724-FJDYW,,
1882,2729-VNVAP,,
1883,2731-GJRDG,,
1893,2749-CTKAJ,,
1899,2758-RNWXS,,
1907,2777-PHDEI,,
1911,2786-GCDPI,,
1916,2791-SFVEW,,
1929,2805-AUFQN,,
1930,2805-EDJPQ,,
1935,2810-FTLEM,,
1937,2812-ENYMO,,
1939,2812-SFXMJ,,
1940,2815-CPTUL,,
1945,2823-LKABH,,
1952,2830-LEWOA,,
1953,2831-EBWRN,,
1957,2834-JKOOW,,
1962,2842-BCQGE,,
1964,2843-CQMEG,,
1972,2856-HYAPG,,
1978,2862-PFNIK,,
1982,2867-UIMSS,,
1984,2868-MZAGQ,,
1998,2884-GBPFB,,
2003,2889-FPWRM,,
2007,2896-TBNBE,,
2009,2898-LSJGD,,
2012,2903-YYTBW,,
2027,2925-MXLSX,,
2037,2931-SVLTV,,
2057,2960-NKRSO,,
2060,2967-MXRAV,,
2061,2968-SSGAA,,
2064,2969-WGHQO,,
2067,2974-GGUXS,,
2068,2977-CEBSX,,
2071,2982-IHMFT,,
2076,2984-RGEYA,,
2080,2987-BJXIK,,
2083,2988-QRAJY,,
2086,2990-OGYTD,,
2089,2996-XAUVF,,
2102,3014-WJKSM,,
2105,3021-VLNRJ,,
2107,3023-GFLBR,,
2108,3026-ATZYV,,
2111,3030-YDNRM,,
2123,3050-RLLXC,,
2124,3055-MJDSB,,
2131,3061-BCKYI,,
2132,3062-ICYZQ,,
2133,3063-QFSZL,,
2137,3069-SSVSN,,
2140,3070-FNFZQ,,
2156,3090-LETTY,,
2159,3092-IGHWF,,
2169,3097-NQYSN,,
2172,3104-OWCGK,,
2173,3106-ULWFW,,
2174,3108-PCCGG,,
2182,3128-YOVTD,,
2183,3129-AAQOU,,
2186,3132-TVFDZ,,
2195,3144-KMTWZ,,
2196,3146-JTQHR,,
2199,3148-BLQJT,,
2203,3158-MOERK,,
2211,3165-HDOEW,,
2212,3166-PNEOF,,
2235,3195-TQDZX,,
2238,3197-NNYNB,,
2246,3209-ZPKFI,,
2249,3212-KXOCR,,
2257,3224-DFQNQ,,
2259,3229-USWAR,,
2262,3230-WYKIR,,
2270,3247-MHJKM,,
2273,3249-ZPQRG,,
2276,3254-YRILK,,
2279,3258-SANFR,,
2287,3266-FTKHB,,
2288,3269-ATYWD,,
2292,3276-HDUEG,,
2295,3280-MRDOF,,
2299,3284-SVCRO,,
2304,3298-QEICA,,
2306,3301-VKTGC,,
2308,3308-DGHKL,,
2309,3308-JSGML,,
2320,3318-NMQXL,,
2336,3345-PBBFH,,
2337,3346-BRMIS,,
2338,3347-YJZZE,,
2344,3352-RICWQ,,
2351,3370-HXOPH,,
2354,3373-DIUUN,,
2356,3374-LXDEV,,
2363,3387-VATUS,,
2371,3398-FSHON,,
2372,3398-GCPMU,,
2373,3398-ZOUAA,,
2374,3399-BMLVW,,
2378,3404-JNXAX,,
2379,3407-JMJQQ,,
2389,3419-SNJJD,,
2402,3439-GVUSX,,
2403,3440-JPSCL,,
2407,3446-QDSZF,,
2411,3452-FLHYD,,
2412,3452-GWUIN,,
2415,3454-JFUBC,,
2416,3457-PQBYH,,
2423,3468-DRVQJ,,
2429,3474-BAFSJ,,
2435,3487-EARAT,,
2442,3500-NSDOA,,
2446,3506-OVLKD,,
2449,3508-VLHCZ,,
2451,3511-APPBJ,,
2452,3511-BFTJW,,
2453,3512-IZIKN,,
2464,3524-WQDSG,,
2469,3533-UVMOM,,
2470,3536-IQCTX,,
2480,3549-ZTMNH,,
2483,3551-HUAZH,,
2493,3569-EDBPQ,,
2497,3571-DPYUH,,
2503,3580-HYCSP,,
2506,3583-KRKMD,,
2519,3597-YASZG,,
2531,3623-FQBOX,,
2532,3627-FCRDW,,
2534,3629-WEAAM,,
2537,3635-JBPSG,,
2538,3635-QQRQD,,
2544,3640-PHQXK,,
2548,3644-QXEHN,,
2549,3645-DEYGF,,
2552,3648-GZPHF,,
2553,3649-JPUGY,,
2555,3654-ARMGP,,
2559,3658-KIBGF,,
2569,3672-YITQD,,
2574,3678-MNGZX,,
2577,3682-YEUWS,,
2578,3683-QKIUE,,
2582,3692-JHONH,,
2588,3703-KBKZP,,
2591,3704-IEAXF,,
2597,3712-PKXZA,,
2600,3714-XPXBW,,
2601,3716-BDVDB,,
2607,3717-OFRTN,,
2608,3719-TDVQB,,
2618,3727-JEZTU,,
2620,3727-OWVYD,,
2621,3727-RJMEO,,
2622,3729-OWRVL,,
2624,3733-UOCWF,,
2625,3733-ZEECP,,
2629,3739-YBWAB,,
2633,3745-HRPHI,,
2640,3752-CQSJI,,
2646,3758-CKOQL,,
2656,3774-VBNXY,,
2659,3778-FOAQW,,
2661,3780-DDGSE,,
2663,3785-KTYSH,,
2664,3785-NRHYR,,
2667,3791-LGQCY,,
2673,3797-FKOGQ,,
2677,3800-LYTRK,,
2679,3803-KMQFW,,
2686,3810-DVDQQ,,
2687,3810-PJUHR,,
2690,3813-DHBBB,,
2701,3842-IYKUE,,
2703,3845-FXCYS,,
2704,3845-JHAMY,,
2705,3847-BAERP,,
2709,3858-VOBET,,
2715,3865-YIOTT,,
2727,3882-IYOIJ,,
2731,3887-PBQAO,,
2733,3890-RTCMS,,
2744,3902-MIVLE,,
2746,3908-BLSYF,,
2750,3913-FCUUW,,
2751,3913-RDSJZ,,
2752,3914-FDRHP,,
2756,3923-CSIHK,,
2761,3932-CMDTD,,
2764,3934-HXCFZ,,
2767,3938-YFPXD,,
2770,3945-GFWQL,,
2771,3946-JEWRQ,,
2777,3951-NJCVI,,
2782,3957-LXOLK,,
2788,3967-VQOGC,,
2791,3970-XGJDU,,
2795,3976-NLDEZ,,
2798,3981-QSVQI,,
2803,3987-KQDDU,,
2806,3992-YWPKO,,
2808,3996-ZNWYK,,
2809,3999-QGRJH,,
2813,4002-BQWPQ,,
2823,4013-GUXND,,
2833,4026-SKKHW,,
2835,4030-VPZBD,,
2836,4032-RMHCI,,
2837,4039-HEUNW,,
2843,4057-FKCZK,,
2863,4080-OGPJL,,
2866,4083-EUGRJ,,
2875,4097-YODCF,,
2877,4102-HLENU,,
2880,4106-HADHQ,,
2883,4111-BNXIF,,
2886,4115-BNPJY,,
2900,4132-KALRO,,
2908,4139-JPIAM,,
2909,4139-SUGLD,,
2927,4182-BGSIQ,,
2929,4183-WCSEP,,
2951,4208-UFFGW,,
2957,4223-WOZCM,,
2959,4227-OJHAL,,
2965,4236-UJPWO,,
2974,4250-WAROZ,,
2976,4254-QPEDE,,
2977,4255-DDUOU,,
2978,4256-ZWTZI,,
2979,4257-GAESD,,
2981,4274-DRSQT,,
2989,4282-YMKNA,,
2994,4290-BSXUX,,
2999,4291-YZODP,,
3005,4301-VVZKA,,
3006,4302-ZYFEL,,
3007,4304-TSPVK,,
3015,4315-MURBD,,
3017,4317-VTEOA,,
3018,4318-RAJVY,,
3032,4335-UPJSI,,
3033,4338-EYCER,,
3038,4350-ZTLPI,,
3047,4361-FEBGN,,
3049,4365-MSDYN,,
3050,4366-CTOUZ,,
3051,4367-NHWMM,,
3054,4369-NYSCF,,
3063,4385-GZQXV,,
3066,4390-KYULV,,
3070,4393-OBCRR,,
3071,4393-RYCRE,,
3072,4395-PZMSN,,
3079,4412-YLTKF,,
3083,4419-UJMUS,,
3086,4423-YLHDV,,
3095,4439-JMPMT,,
3096,4439-YRNVD,,
3097,4441-NIHPT,,
3101,4446-BZKHU,,
3105,4451-RWASJ,,
3110,4458-KVRBJ,,
3111,4459-BBGHE,,
3114,4465-VDKIQ,,
3120,4475-NVTLU,,
3123,4480-QQRHC,,
3131,4488-PSYCG,,
3141,4508-OEBEY,,
3143,4510-PYUSH,,
3146,4514-GFCFI,,
3148,4521-WFJAI,,
3149,4521-YEEHE,,
3158,4529-CKBCL,,
3159,4530-NDRKU,,
3160,4531-AUZNK,,
3193,4576-CSAJH,,
3201,4587-NUKOX,,
3203,4588-YBNIB,,
3209,4598-ZADCK,,
3222,4622-YNKIJ,,
3226,4625-XMOYM,,
3230,4628-CTTLA,,
3233,4631-OACRM,,
3252,4652-ODEVH,,
3253,4654-DLAMQ,,
3259,4659-NZRUF,,
3260,4660-IRIBM,,
3262,4662-EKDPQ,,
3270,4673-KKSLS,,
3277,4683-WYDOU,,
3278,4685-ERGHK,,
3282,4690-LLKUA,,
3285,4693-VWVBO,,
3289,4697-LUPSU,,
3290,4698-KVLLG,,
3297,4703-MQYKT,,
3300,4706-DGAHW,,
3302,4707-YNOQA,,
3305,4710-NKCAW,,
3311,4716-MRVEN,,
3318,4724-WXVWF,,
3320,4727-MCYZG,,
3323,4732-RRJZC,,
3326,4737-AQCPU,,
3335,4750-UKWJK,,
3341,4760-THGOT,,
3343,4763-PGDPO,,
3347,4770-UEZOX,,
3354,4785-FCIFB,,
3376,4808-YNLEU,,
3377,4811-JBUVU,,
3379,4815-GBTCD,,
3384,4816-OKWNX,,
3387,4817-VYYWS,,
3395,4822-RVYBB,,
3398,4825-FUREZ,,
3401,4826-TZEVA,,
3406,4828-FAZPK,,
3408,4829-ZLJTK,,
3414,4836-WNFNO,,
3420,4847-QNOKA,,
3423,4851-BQDNX,,
3425,4853-RULSV,,
3426,4854-CIDCF,,
3430,4860-IJUDE,,
3439,4877-TSOFF,,
3440,4878-BUNFV,,
3445,4883-QICIH,,
3446,4884-LEVMQ,,
3457,4902-OHLSK,,
3459,4903-UYAVB,,
3467,4912-PIGUY,,
3477,4926-UMJZD,,
3478,4927-WWOOZ,,
3487,4939-KYYPY,,
3489,4942-VZZOM,,
3494,4950-BDEUX,,
3495,4950-HKQTE,,
3504,4959-JOSRX,,
3505,4962-CHQPW,,
3514,4983-CCWMC,,
3516,4986-MXSFP,,
3518,4988-IQIGL,,
3525,4999-IEZLT,,
3527,5003-OKNNK,,
3531,5012-YSPJJ,,
3539,5018-HEKFO,,
3543,5022-JNQEQ,,
3544,5022-KVDQT,,
3555,5038-ETMLM,,
3556,5039-LZRQT,,
3559,5044-XDPYX,,
3570,5057-RKGLH,,
3573,5062-CJJKH,,
3574,5063-IUOKK,,
3581,5073-WXOYN,,
3587,5084-OOVCJ,,
3590,5089-IFSDP,,
3598,5103-MHMHY,,
3602,5115-SQAAU,,
3604,5117-ZSMHQ,,
3612,5126-RCXYW,,
3614,5129-HHMZC,,
3615,5129-JLPIS,,
3617,5130-YPIRV,,
3618,5131-PONJI,,
3619,5133-POWUA,,
3620,5133-VRSAB,,
3622,5135-GRQJV,,
3637,5148-ORICT,,
3640,5149-TGWDZ,,
3643,5151-HQRDG,,
3653,5161-XEUVX,,
3658,5170-PTRKA,,
3661,5172-RKOCB,,
3674,5181-OABFK,,
3678,5186-PEIZU,,
3696,5203-XEHAX,,
3698,5204-QZXPU,,
3709,5219-YIPTK,,
3722,5233-GEEAX,,
3729,5244-IRFIH,,
3730,5245-VDBUR,,
3733,5248-YGIJN,,
3744,5275-PMFUT,,
3760,5296-PSYVW,,
3776,5312-UXESG,,
3781,5318-YKDPV,,
3783,5321-NTRKC,,
3787,5325-UWTWJ,,
3793,5334-JLAXU,,
3802,5348-CAGXB,,
3805,5351-QESIO,,
3814,5364-XYIRR,,
3819,5371-VYLSX,,
3820,5372-FBKBN,,
3831,5382-TEMLV,,
3845,5397-TUPSH,,
3847,5402-HTOTQ,,
3852,5419-CONWX,,
3853,5419-JKZNQ,,
3866,5442-PPTJY,,
3878,5451-MHQOF,,
3880,5453-AXEPF,,
3893,5478-JJVZK,,
3906,5495-GPSRW,,
3909,5499-ECUTN,,
3916,5514-YQENT,,
3917,5515-AKOAJ,,
3919,5515-RUGKN,,
3920,5519-NPHVG,,
3934,5539-HIVAK,,
3937,5542-NKVRU,,
3941,5546-QUERU,,
3943,5550-VFRLC,,
3946,5555-RNPGT,,
3952,5566-SOEZD,,
3962,5575-GNVDE,,
3968,5590-BYNII,,
3972,5597-GLBUC,,
3974,5599-HVLTW,,
3976,5600-PDUJF,,
3980,5606-AMZBO,,
3985,5619-PTMIK,,
3986,5619-XZZKR,,
3988,5624-BQSSA,,
3993,5628-RKIFK,,
4003,5649-ANRML,,
4005,5649-TJHOV,,
4021,5669-SRAIP,,
4023,5671-UUNXD,,
4024,5673-FSSMF,,
4028,5680-LQOGP,,
4034,5688-KZTSN,,
4048,5701-ZIKJE,,
4049,5702-KVQRD,,
4050,5702-SKUOB,,
4052,5707-ZMDJP,,
4061,5726-CVNYA,,
4062,5727-MYATE,,
4065,5730-RIITO,,
4076,5756-OZRIO,,
4077,5759-RCVCB,,
4083,5766-XQXMQ,,
4084,5766-ZJYBB,,
4092,5781-RFZRP,,
4110,5813-UECBU,,
4115,5820-PTRYM,,
4117,5825-XJOCM,,
4120,5828-DWPIL,,
4121,5829-NVSQN,,
4125,5834-ASPWA,,
4126,5835-BEQEU,,
4129,5840-NVDCG,,
4130,5842-POCOP,,
4134,5846-ABOBJ,,
4148,5863-OOKCL,,
4155,5876-HZVZM,,
4162,5884-GCYMI,,
4163,5886-VLQVU,,
4164,5887-IKKYO,,
4175,5902-WBLSE,,
4176,5906-BFOZT,,
4191,5919-TMRGD,,
4192,5919-VCZYM,,
4193,5921-NGYRH,,
4200,5931-FLJJF,,
4201,5934-RMPOV,,
4203,5935-FCCNB,,
4204,5937-EORGB,,
4209,5944-UGLLK,,
4217,5951-AOFIH,,
4222,5956-YHHRX,,
4229,5968-HYJRZ,,
4236,5977-CKHON,,
4237,5980-BDHPY,,
4242,5982-PSMKW,,
4244,5985-BEHZK,,
4246,5986-WWXDV,,
4248,5989-OMNJE,,
4252,5995-LFTLE,,
4254,5995-SNNEW,,
4256,5996-DAOQL,,
4264,6000-UKLWI,,
4265,6005-OBZPH,,
4266,6007-TCTST,,
4270,6015-VVHHE,,
4288,6036-TTFYU,,
4293,6048-NJXHX,,
4295,6048-UWKAL,,
4307,6075-QMNRR,,
4310,6078-VESFR,,
4311,6080-LNESI,,
4317,6087-YPWHO,,
4320,6094-ZIVKX,,
4324,6100-QQHEB,,
4329,6108-OQZDQ,,
4337,6121-TNHBO,,
4338,6121-VZNQB,,
4347,6131-FOYAS,,
4351,6134-KWTBV,,
4357,6141-OOXUQ,,
4361,6147-CBCRA,,
4368,6164-HAQTX,,
4380,6174-NRBTZ,,
4395,6198-RTPMF,,
4396,6198-ZFIOJ,,
4400,6202-JVYEU,,
4406,6211-WWLTF,,
4421,6233-HXJMX,,
4424,6235-VDHOM,,
4429,6243-OZGFH,,
4431,6248-BSHKG,,
4435,6253-GNHWH,,
4450,6270-OMFIW,,
4451,6275-YDUVO,,
4461,6288-LBEAR,,
4462,6289-CPNLD,,
4467,6298-QDFNH,,
4470,6303-KFWSL,,
4472,6305-YLBMM,,
4473,6308-CQRBU,,
4479,6322-HRPFA,,
4480,6322-PJJDJ,,
4481,6323-AYBRX,,
4483,6328-ZPBGN,,
4492,6339-TBELP,,
4496,6341-JVQGF,,
4498,6345-FZOQH,,
4501,6347-DCUIK,,
4504,6350-XFYGW,,
4507,6352-TWCAU,,
4519,6368-TZZDT,,
4524,6374-AFWOX,,
4526,6376-GAHQE,,
4530,6380-ARCEH,,
4540,6400-BWQKW,,
4544,6407-GSJNL,,
4545,6407-UTSLV,,
4548,6410-LEFEN,,
4550,6416-JNVRK,,
4554,6418-PIQSP,,
4555,6419-ZTTLE,,
4560,6427-FEFIG,,
4563,6434-TTGJP,,
4564,6435-SRWBJ,,
4573,6447-EGDIV,,
4577,6458-CYIDZ,,
4581,6463-MVYRY,,
4583,6465-GSRCL,,
4603,6486-LHTMA,,
4604,6490-FGZAT,,
4613,6505-OZNPG,,
4614,6506-EYCNH,,
4616,6507-ZJSUR,,
4617,6508-NJYRO,,
4620,6513-EECDB,,
4623,6518-LGAOV,,
4624,6518-PPLMZ,,
4625,6519-CFDBX,,
4628,6522-OIQSX,,
4635,6542-LWGXJ,,
4638,6543-XRMYR,,
4641,6549-NNDYT,,
4652,6563-VRERX,,
4659,6576-FBXOJ,,
4662,6581-NQCBA,,
4678,6599-GZWCM,,
4701,6625-IUTTT,,
4702,6625-UTXEW,,
4705,6629-LADHQ,,
4707,6631-HMANX,,
4715,6646-JPPHA,,
4720,6650-BWFRT,,
4724,6652-YFFJO,,
4725,6653-CBBOM,,
4729,6656-JWRQX,,
4733,6664-FPDAC,,
4740,6681-ZSEXG,,
4743,6683-VLCTZ,,
4745,6685-XSHHU,,
4746,6686-YPGHK,,
4749,6689-TCZHQ,,
4754,6693-DJWTY,,
4759,6698-OXETB,,
4761,6701-YVNQG,,
4766,6710-HSJRD,,
4770,6713-OKOMC,,
4771,6715-OFDBP,,
4777,6725-TPKJO,,
4782,6728-DKUCO,,
4787,6732-FZUGP,,
4788,6732-VAILE,,
4790,6734-CKRSM,,
4792,6734-GMPVK,,
4806,6762-NSODU,,
4811,6769-DYBQN,,
4815,6772-KSATR,,
4820,6778-EICRF,,
4826,6791-YBNAK,,
4828,6797-LNAQX,,
4836,6815-ABQFQ,,
4837,6817-WTYHE,,
4839,6818-WOBHJ,,
4851,6838-YAUVY,,
4854,6844-DZKRF,,
4858,6848-YLDFR,,
4859,6849-OYAMU,,
4863,6855-VLGOS,,
4877,6870-ZWMNX,,
4885,6885-PKOAM,,
4889,6892-BOGQE,,
4899,6899-PPEEA,,
4902,6901-GOGZG,,
4903,6904-JLBGY,,
4904,6905-NIQIN,,
4905,6906-ANDWJ,,
4911,6910-HADCM,,
4912,6916-HIJSE,,
4915,6917-YACBP,,
4926,6928-ONTRW,,
4927,6933-FHBZC,,
4933,6946-LMSQS,,
4936,6953-PBDIN,,
4937,6954-OOYZZ,,
4938,6956-SMUCM,,
4939,6959-GQEGV,,
4944,6963-EZQEE,,
4955,6979-TNDEU,,
4970,6993-YCOBK,,
4971,6993-YGFJV,,
4972,6994-FGRHH,,
4985,7010-ZMVBF,,
5001,7028-DVOIQ,,
5006,7032-LMBHI,,
5010,7037-MTYVW,,
5011,7041-TXQJH,,
5020,7055-HNEOJ,,
5021,7055-JCGNI,,
5026,7064-JHXCE,,
5028,7067-KSAZT,,
5031,7074-IEVOJ,,
5050,7103-IPXPJ,,
5051,7103-ZGVNT,,
5057,7109-MFBYV,,
5067,7128-GGCNO,,
5069,7129-AZJDE,,
5076,7134-HBPBS,,
5077,7134-MJPDY,,
5083,7139-JZFVG,,
5086,7143-BQIBA,,
5089,7148-XZPHA,,
5093,7156-MXBJE,,
5101,7167-PCEYD,,
5102,7168-HDQHG,,
5108,7180-PISOG,,
5113,7188-CBBBA,,
5117,7197-VOJMM,,
5123,7207-RMRDB,,
5126,7216-EWTRS,,
5132,7225-IILWY,,
5134,7228-PAQPD,,
5136,7233-IOQNP,,
5144,7241-AJHFS,,
5159,7252-NTGSS,,
5160,7253-UVNDW,,
5168,7270-BDIOA,,
5179,7284-BUYEC,,
5185,7295-JOMMD,,
5186,7296-PIXQY,,
5191,7302-ZHMHP,,
5196,7312-XSBAT,,
5198,7315-WYOAW,,
5202,7319-ZNRTR,,
5204,7321-PKUYW,,
5213,7336-RLLRH,,
5220,7346-MEDWM,,
5230,7359-WWYJV,,
5241,7389-KBFIT,,
5243,7394-FKDNK,,
5246,7395-XWZOY,,
5247,7396-VJUZB,,
5251,7399-QHBJS,,
5252,7401-JIXNM,,
5253,7401-RUBNK,,
5272,7434-SHXLS,,
5276,7445-WMRBW,,
5278,7446-SFAOA,,
5281,7450-NWRTR,,
5283,7459-IMVYU,,
5289,7470-DYNOE,,
5294,7473-ZBDSN,,
5302,7492-TAFJD,,
5307,7501-VTYLJ,,
5312,7503-ZGUZJ,,
5318,7511-YMXVQ,,
5321,7517-LDMPS,,
5323,7519-JTWQH,,
5326,7521-YXVZY,,
5327,7524-VRLPL,,
5329,7526-IVLYU,,
5331,7529-ZDFXI,,
5334,7534-BFESC,,
5342,7548-SEPYI,,
5345,7551-DACSP,,
5355,7563-BIUPC,,
5357,7566-DSRLQ,,
5363,7572-KPVKK,,
5370,7580-UGXNC,,
5372,7586-ZATGZ,,
5375,7590-VHVEG,,
5376,7593-JNWRU,,
5379,7594-RQHXR,,
5385,7598-UAASY,,
5388,7601-DHFWZ,,
5392,7602-MVRMB,,
5395,7605-SNLQG,,
5396,7606-BPHHN,,
5398,7608-RGIRO,,
5399,7609-NRNCA,,
5402,7611-YKYTC,,
5403,7613-LLQFO,,
5413,7623-TRNQN,,
5420,7633-MVPUY,,
5423,7636-OWBPG,,
5428,7639-OPLNG,,
5437,7654-YWJUF,,
5439,7658-UYUQS,,
5440,7660-HDPJV,,
5443,7663-RGWBC,,
5446,7665-NKLAV,,
5450,7668-XCFYV,,
5453,7672-VFMXZ,,
5460,7683-CBDKJ,,
5466,7693-LCKZL,,
5474,7706-DZNKK,,
5478,7711-GQBZC,,
5481,7716-YTYHG,,
5482,7717-BICXI,,
5485,7721-DVEKZ,,
5486,7721-JXEAW,,
5490,7729-JTEEC,,
5495,7734-DBOAI,,
5499,7742-MYPGI,,
5506,7753-USQYQ,,
5515,7766-CLTIC,,
5517,7771-CFQRQ,,
5518,7771-ZONAT,,
5526,7781-EWARA,,
5530,7786-WBJYI,,
5533,7789-HKSBS,,
5537,7798-JVXYM,,
5545,7811-JIVPF,,
5546,7812-FZHPE,,
5549,7814-LEEVE,,
5552,7817-BOQPW,,
5557,7824-PANSQ,,
5561,7831-QGOXH,,
5563,7838-LAZFO,,
5566,7841-FCRQD,,
5568,7845-URHJN,,
5581,7856-GANIL,,
5595,7876-DNYAP,,
5602,7883-ROJOC,,
5603,7890-VYYWG,,
5607,7895-VONWT,,
5609,7901-HXJVA,,
5613,7905-NJMXS,,
5614,7905-TVXTA,,
5616,7909-FIOIY,,
5620,7921-BEPCI,,
5622,7923-IYJWY,,
5623,7924-GJZFI,,
5624,7925-PNRGI,,
5634,7941-RCJOW,,
5636,7945-HLKEA,,
5642,7954-MLBUN,,
5653,7969-AULMZ,,
5664,7982-VCELR,,
5665,7989-AWGEH,,
5666,7989-CHGTL,,
5672,7995-ZHHNZ,,
5673,7996-BPXHY,,
5675,7997-EASSD,,
5680,8006-PYCSW,,
5683,8008-HAWED,,
5699,8033-ATFAS,,
5703,8035-PWSEV,,
5706,8040-MNRTF,,
5708,8042-JVNFH,,
5711,8044-BGWPI,,
5729,8065-BVEPF,,
5731,8065-YKXKD,,
5735,8069-YQQAJ,,
5746,8084-OIVBS,,
5748,8086-OVPWV,,
5750,8089-UZWLX,,
5753,8095-WANWK,,
5754,8096-LOIST,,
5755,8097-OMULG,,
5767,8109-YUOHE,,
5781,8138-EALND,,
5786,8148-NLEGT,,
5788,8149-AIQCG,,
5794,8158-WPEZG,,
5796,8161-QYMTT,,
5802,8167-GJLRN,,
5806,8174-LNWMW,,
5820,8191-XWSZG,,
5822,8197-BFWVU,,
5834,8207-DMRVL,,
5845,8220-OCUFY,,
5856,8229-TNIQA,,
5861,8237-ULIXL,,
5863,8242-JSVBO,,
5865,8242-SOQUO,,
5868,8249-THVEC,,
5874,8260-NGFNY,,
5882,8267-KFGYD,,
5885,8270-RKSAP,,
5886,8272-ONJLV,,
5891,8286-AFUYI,,
5893,8292-FRFZQ,,
5895,8292-TYSPY,,
5898,8295-KMENE,,
5902,8311-UEUAB,,
5908,8316-BBQAY,,
5916,8329-GWVPJ,,
5922,8337-MSSXB,,
5929,8348-JLBUG,,
5930,8350-NYMVI,,
5945,8383-SGHJU,,
5950,8388-FYNPZ,,
5955,8397-MVTAZ,,
5958,8400-WZICQ,,
5963,8404-GFGCZ,,
5970,8413-VONUO,,
5972,8414-MYSHR,,
5977,8429-XIBUM,,
5985,8441-SHIPE,,
5991,8450-LUGUK,,
5992,8450-UYIBU,,
5994,8455-HIRAQ,,
5996,8457-XIGKN,,
5999,8465-SBRXP,,
6021,8512-WIWYV,,
6026,8519-QJGJD,,
6032,8544-GOQSH,,
6034,8547-NSBBO,,
6035,8548-AWOFC,,
6037,8552-OBVRU,,
6038,8559-CIZFV,,
6042,8563-IIOXK,,
6052,8573-JGCZW,,
6053,8577-QSOCG,,
6054,8580-AECUZ,,
6057,8584-KMVXD,,
6064,8593-WHYHV,,
6072,8606-OEGQZ,,
6076,8612-GXIDD,,
6077,8614-VGMMV,,
6080,8620-RJPZN,,
6082,8622-ZLFKO,,
6092,8630-FJLIB,,
6093,8630-QSGXK,,
6099,8637-XJIVR,,
6114,8659-HDIYE,,
6118,8663-UPDGF,,
6119,8665-UTDHZ,,
6120,8668-KNZTI,,
6123,8671-KKKOS,,
6128,8679-JOEVF,,
6129,8679-LZBMD,,
6142,8705-WZCYL,,
6148,8710-YGLWG,,
6152,8714-EUHJO,,
6155,8718-PTMEZ,,
6156,8720-RQSBJ,,
6158,8722-PRFDV,,
6163,8731-WBBMB,,
6174,8740-CRYFY,,
6186,8751-EDEKA,,
6188,8752-IMQOS,,
6193,8757-TFHHJ,,
6197,8766-PAFNE,,
6206,8778-LMWTJ,,
6210,8780-IXSTS,,
6211,8780-RSYYU,,
6225,8805-JNRAZ,,
6227,8807-ARQET,,
6229,8808-ELEHO,,
6233,8815-LMFLX,,
6238,8819-WFGGJ,,
6251,8847-GEOOQ,,
6255,8851-RAGOV,,
6260,8859-DZTGQ,,
6261,8859-YSTWS,,
6265,8868-WOZGU,,
6270,8873-TMKGR,,
6271,8874-EJNSR,,
6273,8878-HMWBV,,
6276,8879-ZKJOF,,
6283,8885-QSQBX,,
6284,8887-IPQNC,,
6290,8901-UPRHR,,
6293,8903-XEBGX,,
6308,8922-NPKBJ,,
6314,8938-UMKPI,,
6315,8942-DBMHZ,,
6320,8946-BFWSG,,
6328,8963-JLGJT,,
6329,8963-MQVYN,,
6332,8966-SNIZF,,
6336,8972-HJWNV,,
6340,8979-CAMGB,,
6343,8982-NHAVY,,
6346,8985-OOPOS,,
6351,8992-JQYUN,,
6364,9018-PCIOK,,
6371,9027-YFHQJ,,
6374,9030-QGZNL,,
6378,9039-RBEEE,,
6386,9052-DHNKM,,
6388,9053-EJUNL,,
6393,9057-SIHCH,,
6394,9058-CBREO,,
6400,9065-ZCPQX,,
6405,9068-VPWQQ,,
6408,9073-ZZIAY,,
6417,9089-UOWJG,,
6420,9092-GDZKO,,
6423,9095-HFAFX,,
6424,9097-ZUBYC,,
6427,9101-NTIXF,,
6437,9114-AAFQH,,
6440,9115-YQHGA,,
6441,9117-SHLZX,,
6446,9127-QRZMH,,
6447,9128-CPXKI,,
6453,9135-MGVPY,,
6460,9140-CZQZZ,,
6461,9142-KZXOP,,
6465,9150-HEPMB,,
6470,9158-VCTQB,,
6475,9170-ARBTB,,
6476,9170-CCKOU,,
6485,9185-TQCVP,,
6490,9199-PWQVC,,
6494,9208-OLGAQ,,
6497,9214-EKVXR,,
6500,9221-OTIVJ,,
6503,9225-BZLNZ,,
6507,9229-RQABD,,
6508,9231-ZJYAM,,
6510,9236-NDUCW,,
6529,9269-CQOOL,,
6532,9274-UARKJ,,
6535,9279-CJEOJ,,
6557,9314-IJWSQ,,
6583,9360-AHGNL,,
6585,9361-YNQWJ,,
6586,9362-MWODR,,
6591,9367-TCUYN,,
6595,9372-TXXPS,,
6603,9386-LDCZR,,
6604,9388-ZEYVT,,
6605,9389-ACWBI,,
6606,9391-DXGGG,,
6609,9391-TTOYH,,
6611,9392-XBGTD,,
6612,9396-ZSFLL,,
6615,9399-APLBT,,
6618,9402-ROUMJ,,
6622,9411-TPQQV,,
6631,9424-CMPOG,,
6635,9432-RUVSL,,
6638,9436-ZBZCT,,
6651,9462-MJUAW,,
6652,9465-RWMXL,,
6656,9470-XCCEM,,
6681,9497-QCMMS,,
6687,9501-UKKNL,,
6691,9505-SQFSW,,
6692,9506-UXUSK,,
6693,9507-EXLTT,,
6694,9507-HSMMZ,,
6700,9514-JDSKI,,
6705,9522-ZSINC,,
6710,9530-EHPOH,,
6711,9530-GRMJG,,
6712,9531-NSBMR,,
6717,9541-PWTWO,,
6723,9548-LERKT,,
6738,9570-KYEUA,,
6747,9577-WJVCQ,,
6750,9581-GVBXT,,
6754,9588-OZDMQ,,
6761,9600-UDOPK,,
6764,9603-OAIHC,,
6769,9611-CTWIH,,
6773,9618-LFJRU,,
6786,9631-XEYKE,,
6789,9637-CDTKZ,,
6790,9637-EIHEQ,,
6791,9638-JIQYA,,
6794,9643-AVVWI,,
6801,9650-VBUOG,,
6807,9661-JALZV,,
6811,9668-PUGNU,,
6814,9675-ICXCT,,
6815,9677-AVKED,,
6818,9681-OXGVC,,
6820,9688-YGXVR,,
6823,9692-TUSXH,,
6830,9701-CDXHR,,
6847,9728-FTTVZ,,
6849,9732-EQMWY,,
6853,9734-YWGEX,,
6862,9747-DDZOS,,
6864,9752-ZNQUT,,
6865,9753-OYLBX,,
6867,9755-JHNMN,,
6869,9761-XUJWD,,
6877,9770-KXGQU,,
6880,9774-NRNAU,,
6898,9796-BPKIW,,
6899,9796-MVYXX,,
6902,9799-CAYJJ,,
6904,9800-OUIGR,,
6910,9805-FILKB,,
6914,9817-APLHW,,
6916,9819-FBNSV,,
6917,9820-RMCQV,,
6918,9821-BESNZ,,
6922,9822-WMWVG,,
6924,9824-BEMCV,,
6925,9824-QCJPK,,
6929,9830-ECLEN,,
6935,9838-BFCQT,,
6941,9845-PEEKO,,
6944,9847-HNVGP,,
6950,9860-LISIZ,,
6952,9862-KJTYK,,
6953,9863-JZAIC,,
6955,9866-QEVEE,,
6960,9873-MNDKV,,
6962,9878-TNQGW,,
6964,9881-VCZEP,,
6977,9903-LYSAB,,
6981,9909-DFRJA,,
6987,9919-FZDED,,
6990,9921-EZKBY,,
7005,9938-ZREHM,,
7008,9943-VSZUV,,
7011,9945-PSVIP,,
7015,9953-ZMKSM,,
7029,9972-NKTFD,,
7031,9974-JFBHQ,,
7032,9975-GPKZU,,
7036,9985-MWVIX,,
7040,9992-UJOEL,,
